English,Bangla
a,ক
abandon,পরিত্যাগ করা
ability,ক্ষমতা
able,সক্ষম
abortion,গর্ভপাত
about,সম্পর্কিত
above,উপরে
abroad,বিদেশ
absence,অনুপস্থিতি
absolute,পরম
absolutely,একেবারে
absorb,শোষণ
abuse,অপব্যবহার
academic,একাডেমিক
accept,গ্রহণ
access,অ্যাক্সেস
accident,দুর্ঘটনা
accompany,সাথে
accomplish,সম্পাদন
according,অনুসারে
account,অ্যাকাউন্ট
accurate,নির্ভুল
accuse,অভিযোগ
achieve,অর্জন
achievement,অর্জন
acid,অ্যাসিড
acknowledge,স্বীকৃতি
acquire,অর্জন
across,জুড়ে
act,আইন
action,কর্ম
active,সক্রিয়
activist,কর্মী
activity,ক্রিয়াকলাপ
actor,অভিনেতা
actress,অভিনেত্রী
actual,আসল
actually,আসলে
ad,বিজ্ঞাপন
adapt,অভিযোজিত
add,যোগ করুন
addition,সংযোজন
additional,অতিরিক্ত
address,ঠিকানা
adequate,পর্যাপ্ত
adjust,সামঞ্জস্য করুন
adjustment,সামঞ্জস্য
administration,প্রশাসন
administrator,প্রশাসক
admire,প্রশংসা
admission,ভর্তি
admit,স্বীকার করুন
adolescent,কৈশোর
adopt,গ্রহণ
adult,প্রাপ্তবয়স্ক
advance,অগ্রিম
advanced,উন্নত
advantage,সুবিধা
adventure,অ্যাডভেঞ্চার
advertising,বিজ্ঞাপন
advice,পরামর্শ
advise,পরামর্শ
adviser,উপদেষ্টা
advocate,অ্যাডভোকেট
affair,ব্যাপার
affect,প্রভাবিত
afford,সামর্থ্য
afraid,ভয়
African,আফ্রিকান
African-American,আফ্রিকান আমেরিকান
after,পরে
afternoon,বিকেল
again,আবার
against,বিরুদ্ধে
age,বয়স
agency,এজেন্সি
agenda,আলোচ্যসূচি
agent,প্রতিনিধি
aggressive,আক্রমণাত্মক
ago,আগে
agree,সম্মত
agreement,চুক্তি
agricultural,কৃষি
ah,আহ
ahead,এগিয়ে
aid,সাহায্য
aide,সহায়ক
AIDS,এইডস
aim,লক্ষ্য
air,বায়ু
aircraft,বিমান
airline,এয়ারলাইন
airport,বিমানবন্দর
album,অ্যালবাম
alcohol,অ্যালকোহল
alive,জীবিত
all,সব
alliance,জোট
allow,অনুমতি দিন
ally,মিত্র
almost,প্রায়
alone,একা
along,পাশাপাশি
already,ইতিমধ্যে
also,এছাড়াও
alter,পরিবর্তন
alternative,বিকল্প
although,যদিও
always,সর্বদা
AM,আমি
amazing,আশ্চর্যজনক
American,মার্কিন
among,মধ্যে
amount,পরিমাণ
analysis,বিশ্লেষণ
analyst,বিশ্লেষক
analyze,বিশ্লেষণ করুন
ancient,প্রাচীন
and,এবং
anger,রাগ
angle,কোণ
angry,রাগ
animal,প্রাণী
anniversary,বার্ষিকী
announce,ঘোষণা করা
annual,বার্ষিক
another,অন্য
answer,উত্তর
anticipate,পূর্বানুমান
anxiety,উদ্বেগ
any,যে কোনও
anybody,কেউ
anymore,আর
anyone,যে কেউ
anything,কিছু
anyway,যাইহোক
anywhere,কোথাও
apart,পৃথক্
apartment,অ্যাপার্টমেন্ট
apparent,আপাত
apparently,স্পষ্টতই
appeal,আবেদন
appear,প্রদর্শিত
appearance,চেহারা
apple,অ্যাপল
application,আবেদন
apply,প্রয়োগ করুন
appoint,নিয়োগ
appointment,অ্যাপয়েন্টমেন্ট
appreciate,প্রশংসা
approach,পদ্ধতির
appropriate,যথাযথ
approval,অনুমোদন
approve,অনুমোদন
approximately,আন্দাজ
Arab,আরব
architect,স্থপতি
area,অঞ্চল
argue,তর্ক করুন
argument,যুক্তি
arise,উত্থিত
arm,বাহু
armed,সশস্ত্র
army,সেনাবাহিনী
around,কাছাকাছি
arrange,ব্যবস্থা করা
arrangement,ব্যবস্থা
arrest,গ্রেফতার
arrival,আগমন
arrive,পৌঁছান
art,শিল্প
article,নিবন্ধ
artist,শিল্পী
artistic,শৈল্পিক
as,যেমন
Asian,এশিয়ান
aside,একপাশে
ask,জিজ্ঞাসা করুন
asleep,ঘুমোচ্ছে
aspect,দিক
assault,হামলা
assert,জাহির করা
assess,মূল্যায়ন
assessment,মূল্যায়ন
asset,সম্পদ
assign,বরাদ্দ
assignment,অ্যাসাইনমেন্ট
assist,সহায়তা
assistance,সহায়তা
assistant,সহকারী
associate,সহযোগী
association,সংঘ
assume,ধরুন
assumption,ধৃষ্টতা
assure,আশ্বাস
at,এ
athlete,অ্যাথলিট
athletic,অ্যাথলেটিক
atmosphere,বায়ুমণ্ডল
attach,সংযুক্ত
attack,আক্রমণ
attempt,চেষ্টা
attend,উপস্থিত
attention,মনোযোগ
attitude,মনোভাব
attorney,অ্যাটর্নি
attract,আকর্ষণ
attractive,আকর্ষণীয়
attribute,বৈশিষ্ট্য
audience,শ্রোতা
author,লেখক
authority,কর্তৃপক্ষ
auto,অটো
available,উপলব্ধ
average,গড়
avoid,এড়াতে
award,পুরষ্কার
aware,সচেতন
awareness,সচেতনতা
away,দূরে
awful,"ভয়াবহ, আতঙ্কজনক"
baby,বাবু
back,পেছনে
background,পটভূমি
bad,খারাপ
badly,খারাপভাবে
bag,থলে
bake,বেক
balance,ভারসাম্য
ball,বল
ban,নিষেধাজ্ঞা
band,ব্যান্ড
bank,ব্যাংক
bar,বার
barely,সবে
barrel,ব্যারেল
barrier,বাধা
base,বেস
baseball,বেসবল
basic,বেসিক
basically,মূলত
basis,ভিত্তি
basket,ঝুড়ি
basketball,বাস্কেটবল
bathroom,পায়খানা
battery,ব্যাটারি
battle,যুদ্ধ
be,থাকা
beach,সৈকত
bean,বিন
bear,ভাল্লুক
beat,বীট
beautiful,সুন্দর
beauty,সৌন্দর্য
because,কারণ
become,হয়ে
bed,বিছানা
bedroom,শয়নকক্ষ
beer,বিয়ার
before,আগে
begin,শুরু
beginning,শুরু
behavior,আচরণ
behind,পিছনে
being,সত্তা
belief,বিশ্বাস
believe,বিশ্বাস করুন
bell,বেল
belong,অন্তর্গত
below,নিচে
belt,বেল্ট
bench,এজলাস
bend,বাঁক
beneath,নীচে
benefit,উপকার
beside,পাশে
besides,পাশাপাশি
best,সেরা
bet,বাজি
better,উত্তম
between,মধ্যে
beyond,তার পরেও
Bible,বাইবেল
big,বিশাল
bike,বাইক
bill,বিল
billion,বিলিয়ন
bind,বাঁধাই করা
biological,জৈবিক
bird,পাখি
birth,জন্ম
birthday,জন্মদিন
bit,বিট
bite,কামড়
black,কালো
blade,ব্লেড
blame,দোষ
blanket,কম্বল
blind,অন্ধ
block,ব্লক
blood,রক্ত
blow,ব্লো
blue,নীল
board,বোর্ড
boat,নৌকা
body,দেহ
bomb,বোমা
bombing,বোমা হামলা
bond,বন্ধন
bone,হাড়
book,বই
boom,বুম
boot,বুট
border,সীমানা
born,জন্ম
borrow,ধার
boss,বস
both,উভয়ই
bother,বিরক্ত
bottle,বোতল
bottom,নীচে
boundary,সীমানা
bowl,বাটি
box,বাক্স
boy,ছেলে
boyfriend,প্রেমিক
brain,মস্তিষ্ক
branch,শাখা
brand,ব্র্যান্ড
bread,রুটি
break,বিরতি
breakfast,প্রাতঃরাশ
breast,স্তন
breath,শ্বাস
breathe,শ্বাস নিন
brick,ইট
bridge,সেতু
brief,সংক্ষিপ্ত
briefly,সংক্ষেপে
bright,উজ্জ্বল
brilliant,উজ্জ্বল
bring,আন
British,ব্রিটিশ
broad,বিস্তৃত
broken,ভাঙ্গা
brother,ভাই
brown,বাদামী
brush,ব্রাশ
buck,বক
budget,বাজেট
build,বিল্ড
building,বিল্ডিং
bullet,বুলেট
bunch,গুচ্ছ
burden,বোঝা
burn,পোড়া
bury,কবর
bus,বাস
business,ব্যবসা
busy,ব্যস্ত
but,কিন্তু
butter,মাখন
button,বোতাম
buy,কেনা
buyer,ক্রেতা
by,দ্বারা
cabin,কেবিন
cabinet,মন্ত্রিসভা
cable,কেবল
cake,কেক
calculate,গণনা
call,কল
camera,ক্যামেরা
camp,শিবির
campaign,প্রচার
campus,ক্যাম্পাস
can,করতে পারা
Canadian,কানাডিয়ান
cancer,ক্যান্সার
candidate,প্রার্থী
cap,ক্যাপ
capability,ক্ষমতা
capable,সক্ষম
capacity,ক্ষমতা
capital,মূলধন
captain,ক্যাপ্টেন
capture,ক্যাপচার
car,গাড়ি
carbon,কার্বন
card,কার্ড
care,যত্ন
career,ক্যারিয়ার
careful,সাবধান
carefully,সাবধানে
carrier,ক্যারিয়ার
carry,বহন
case,কেস
cash,নগদ
cast,কাস্ট
cat,বিড়াল
catch,ধরা
category,বিভাগ
Catholic,ক্যাথলিক
cause,কারণ
ceiling,সিলিং
celebrate,উদযাপন
celebration,উদযাপন
celebrity,সেলিব্রিটি
cell,সেল
center,কেন্দ্র
central,কেন্দ্রীয়
century,সেঞ্চুরি
CEO,সিইও
ceremony,অনুষ্ঠান
certain,নিশ্চিত
certainly,অবশ্যই
chain,চেইন
chair,চেয়ার
chairman,চেয়ারম্যান
challenge,চ্যালেঞ্জ
chamber,চেম্বার
champion,রক্ষক
championship,চ্যাম্পিয়নশিপ
chance,সুযোগ
change,পরিবর্তন
changing,পরিবর্তন
channel,চ্যানেল
chapter,অধ্যায়
character,চরিত্র
characteristic,বৈশিষ্ট্য
characterize,বৈশিষ্ট্য
charge,চার্জ
charity,দানশীলতা
chart,চার্ট
chase,পশ্চাদ্ধাবন
cheap,সস্তা
check,পরীক্ষা করুন
cheek,গাল
cheese,পনির
chef,পাচক
chemical,রাসায়নিক
chest,বুক
chicken,মুরগী
chief,প্রধান
child,শিশু
childhood,শৈশব
Chinese,চাইনিজ
chip,চিপ
chocolate,চকোলেট
choice,পছন্দ
cholesterol,কোলেস্টেরল
choose,পছন্দ করা
Christian,খ্রিস্টান
Christmas,ক্রিসমাস
church,গির্জা
cigarette,সিগারেট
circle,বৃত্ত
circumstance,পরিস্থিতি
cite,উদ্ধৃত
citizen,নাগরিক
city,শহর
civil,সিভিল
civilian,বেসামরিক
claim,দাবি
class,ক্লাস
classic,ক্লাসিক
classroom,শ্রেণিকক্ষ
clean,পরিষ্কার
clear,স্পষ্ট
clearly,পরিষ্কারভাবে
client,ক্লায়েন্ট
climate,জলবায়ু
climb,আরোহণ
clinic,ক্লিনিক
clinical,ক্লিনিকাল
clock,ঘড়ি
close,বন্ধ
closely,ঘনিষ্ঠভাবে
closer,কাছাকাছি
clothes,বস্ত্র
clothing,পোশাক
cloud,মেঘ
club,ক্লাব
clue,ক্লু
cluster,ক্লাস্টার
coach,কোচ
coal,কয়লা
coalition,জোট
coast,উপকূল
coat,কোট
code,কোড
coffee,কফি
cognitive,জ্ঞান ভিত্তিক
cold,ঠান্ডা
collapse,ধসে
colleague,সহকর্মী
collect,সংগ্রহ
collection,সংগ্রহ
collective,সমষ্টিগত
college,কলেজ
colonial,Colon পনিবেশিক
color,রঙ
column,কলাম
combination,সংমিশ্রণ
combine,একত্রিত করুন
come,আসুন
comedy,কমেডি
comfort,সান্ত্বনা
comfortable,আরামপ্রদ
command,কমান্ড
commander,কমান্ডার
comment,মন্তব্য
commercial,ব্যবসায়িক
commission,কমিশন
commit,প্রতিশ্রুতিবদ্ধ
commitment,প্রতিশ্রুতি
committee,কমিটি
common,সাধারণ
communicate,যোগাযোগ
communication,যোগাযোগ
community,সম্প্রদায়
company,প্রতিষ্ঠান
compare,তুলনা করা
comparison,তুলনা
compete,প্রতিযোগিতা করা
competition,প্রতিযোগিতা
competitive,প্রতিযোগিতামূলক
competitor,প্রতিযোগী
complain,অভিযোগ
complaint,অভিযোগ
complete,সম্পূর্ণ
completely,সম্পূর্ণ
complex,জটিল
complicated,জটিল
component,উপাদান
compose,রচনা করা
composition,গঠন
comprehensive,বিস্তৃত
computer,কম্পিউটার
concentrate,মনোনিবেশ করুন
concentration,একাগ্রতা
concept,ধারণা
concern,উদ্বেগ
concerned,উদ্বিগ্ন
concert,কনসার্ট
conclude,উপসংহার
conclusion,উপসংহার
concrete,কংক্রিট
condition,শর্ত
conduct,পরিচালনা
conference,সম্মেলন
confidence,আত্মবিশ্বাস
confident,আত্মবিশ্বাসী
confirm,নিশ্চিত করুন
conflict,দ্বন্দ্ব
confront,মুখোমুখি
confusion,বিভ্রান্তি
Congress,কংগ্রেস
congressional,কংগ্রেসনাল
connect,সংযুক্ত
connection,সংযোগ
consciousness,চেতনা
consensus,sens কমত্য
consequence,পরিণতি
conservative,রক্ষণশীল
consider,বিবেচনা
considerable,বিবেচ্য
consideration,বিবেচনা
consist,গঠিত
consistent,ধারাবাহিক
constant,ধ্রুবক
constantly,অবিচ্ছিন্নভাবে
constitute,গঠন করা
constitutional,সাংবিধানিক
construct,নির্মাণ
construction,নির্মাণ
consultant,পরামর্শদাতা
consume,গ্রাস করা
consumer,গ্রাহক
consumption,খরচ
contact,যোগাযোগ
contain,ধারণ করে
container,ধারক
contemporary,সমসাময়িক
content,বিষয়বস্তু
contest,প্রতিযোগিতা
context,প্রসঙ্গ
continue,চালিয়ে যান
continued,অবিরত
contract,চুক্তি
contrast,বিপরীতে
contribute,অবদান
contribution,অবদান
control,নিয়ন্ত্রণ
controversial,বিতর্কিত
controversy,বিতর্ক
convention,সম্মেলন
conventional,প্রচলিত
conversation,কথোপকথন
convert,রূপান্তর
conviction,দৃঢ় বিশ্বাস
convince,সন্তুষ্ট
cook,রান্না
cookie,কুকি
cooking,রান্না
cool,শীতল
cooperation,সহযোগিতা
cop,পুলিশ
cope,সামলাতে
copy,অনুলিপি
core,মূল
corn,কর্ন
corner,কর্নার
corporate,কর্পোরেট
corporation,কর্পোরেশন
correct,সঠিক
correspondent,সংবাদদাতা
cost,ব্যয়
cotton,সুতি
couch,পালঙ্ক
could,পারে
council,পরিষদ
counselor,পরামর্শদাতা
count,গণনা
counter,কাউন্টার
country,দেশ
county,কাউন্টি
couple,দম্পতি
courage,সাহস
course,অবশ্যই
court,আদালত
cousin,কাজিন
cover,আবরণ
coverage,কভারেজ
cow,গাভী
crack,ক্র্যাক
craft,নৈপুণ্য
crash,ক্র্যাশ
crazy,পাগল
cream,ক্রিম
create,সৃষ্টি
creation,সৃষ্টি
creative,সৃজনশীল
creature,প্রাণী
credit,ক্রেডিট
crew,নাবিকদল
crime,অপরাধ
criminal,অপরাধী
crisis,সংকট
criteria,নির্ণায়ক
critic,সমালোচক
critical,সমালোচনা
criticism,সমালোচনা
criticize,সমালোচনা
crop,ফসল
cross,ক্রস
crowd,ভিড়
crucial,অত্যন্ত গুরুত্বপূর্ণ
cry,কাঁদুন
cultural,সাংস্কৃতিক
culture,সংস্কৃতি
cup,কাপ
curious,কৌতূহলী
current,কারেন্ট
currently,বর্তমানে
curriculum,পাঠ্যক্রম
custom,কাস্টম
customer,ক্রেতা
cut,কাটা
cycle,সাইকেল
dad,বাবা
daily,প্রতিদিন
damage,ক্ষতি
dance,নাচ
danger,বিপদ
dangerous,বিপজ্জনক
dare,সাহস
dark,অন্ধকার
darkness,অন্ধকার
data,ডেটা
date,তারিখ
daughter,কন্যা
day,দিন
dead,মৃত
deal,ডিল
dealer,ডিলার
dear,প্রিয়
death,মৃত্যু
debate,বিতর্ক
debt,Debt ণ
decade,দশক
decide,সিদ্ধান্ত নিন
decision,সিদ্ধান্ত
deck,ডেক
declare,ঘোষণা
decline,পতন
decrease,হ্রাস
deep,গভীর
deeply,গভীরভাবে
deer,হরিণ
defeat,পরাজয়
defend,রক্ষা করা
defendant,প্রতিবাদী
defense,প্রতিরক্ষা
defensive,আত্মরক্ষামূলক
deficit,ঘাটতি
define,সংজ্ঞায়িত
definitely,স্পষ্টভাবে
definition,সংজ্ঞা
degree,ডিগ্রি
delay,বিলম্ব
deliver,বিতরণ
delivery,বিতরণ
demand,চাহিদা
democracy,গণতন্ত্র
Democrat,ডেমোক্র্যাট
democratic,গণতান্ত্রিক
demonstrate,প্রদর্শন করুন
demonstration,প্রদর্শন
deny,অস্বীকার
department,বিভাগ
depend,নির্ভর করে
dependent,নির্ভরশীল
depending,নির্ভরশীল
depict,চিত্রিত
depression,বিষণ্ণতা
depth,গভীরতা
deputy,সহকারী
derive,rive
describe,বর্ণনা
description,বর্ণনা
desert,মরুভূমি
deserve,প্রাপ্য
design,নকশা
designer,নকশাকার
desire,ইচ্ছা
desk,ডেস্ক
desperate,মরিয়া
despite,সত্ত্বেও
destroy,ধ্বংস
destruction,ধ্বংস
detail,বিশদ
detailed,বিশদ
detect,সনাক্ত করুন
determine,নির্ধারণ করুন
develop,বিকাশ
developing,বিকাশ
development,উন্নয়ন
device,যন্ত্র
devote,উত্সর্গ
dialogue,কথোপকথন
die,মারা
diet,ডায়েট
differ,পৃথক
difference,পার্থক্য
different,ভিন্ন
differently,ভিন্নভাবে
difficult,কঠিন
difficulty,অসুবিধা
dig,খনন করা
digital,ডিজিটাল
dimension,মাত্রা
dining,ডাইনিং
dinner,রাতের খাবার
direct,সরাসরি
direction,অভিমুখ
directly,সরাসরি
director,পরিচালক
dirt,ময়লা
dirty,নোংরা
disability,অক্ষমতা
disagree,একমত
disappear,অদৃশ্য
disaster,বিপর্যয়
discipline,শৃঙ্খলা
discourse,বক্তৃতা
discover,আবিষ্কার
discovery,আবিষ্কার
discrimination,বৈষম্য
discuss,আলোচনা করা
discussion,আলোচনা
disease,রোগ
dish,থালা
dismiss,বরখাস্ত
disorder,ব্যাধি
display,প্রদর্শন
dispute,বিতর্ক
distance,দূরত্ব
distant,দূরের
distinct,স্বতন্ত্র
distinction,পার্থক্য
distinguish,পার্থক্য
distribute,বিতরণ
distribution,বিতরণ
district,জেলা
diverse,বিচিত্র
diversity,বৈচিত্র্য
divide,বিভক্ত করা
division,বিভাগ
divorce,বিবাহবিচ্ছেদ
DNA,ডিএনএ
do,কর
doctor,ডাক্তার
document,নথি
dog,কুকুর
domestic,গার্হস্থ্য
dominant,প্রভাবশালী
dominate,আয়ত্ত করা
door,দরজা
double,দ্বিগুণ
doubt,সন্দেহ
down,নিচে
downtown,শহরের কেন্দ্রস্থল
dozen,ডজন
draft,খসড়া
drag,টানা
drama,নাটক
dramatic,নাটকীয়
dramatically,নাটকীয়ভাবে
draw,অঙ্কন
drawing,অঙ্কন
dream,স্বপ্ন
dress,পোষাক
drink,পান করা
drive,ড্রাইভ
driver,ড্রাইভার
drop,ড্রপ
drug,ড্রাগ
dry,শুকনো
due,বাকি
during,সময়
dust,ধুলো
duty,ডিউটি
each,প্রতিটি
eager,আগ্রহী
ear,কান
early,প্রথম দিকে
earn,উপার্জন
earnings,উপার্জন
earth,পৃথিবী
ease,স্বাচ্ছন্দ্য
easily,সহজেই
east,পূর্ব
eastern,পূর্ব
easy,সহজ
eat,খাওয়া
economic,অর্থনৈতিক
economics,অর্থনীতি
economist,অর্থনীতিবিদ
economy,অর্থনীতি
edge,প্রান্ত
edition,সংস্করণ
editor,সম্পাদক
educate,শিক্ষিত
education,শিক্ষা
educational,শিক্ষামূলক
educator,শিক্ষিকা
effect,প্রভাব
effective,কার্যকর
effectively,কার্যকরভাবে
efficiency,দক্ষতা
efficient,দক্ষ
effort,প্রচেষ্টা
egg,ডিম
eight,আট
either,হয়
elderly,প্রবীণ
elect,নির্বাচিত
election,নির্বাচন
electric,বৈদ্যুতিক
electricity,বিদ্যুৎ
electronic,বৈদ্যুতিক
element,উপাদান
elementary,প্রাথমিক
eliminate,নিষ্কাশন করা
elite,অভিজাত
else,অন্য
elsewhere,অন্য কোথাও
e-mail,ই-মেইল
embrace,আলিঙ্গন
emerge,উত্থিত
emergency,জরুরী
emission,নিঃসরণ
emotion,আবেগ
emotional,সংবেদনশীল
emphasis,জোর
emphasize,জোর দিন
employ,নিয়োগ
employee,কর্মচারী
employer,নিয়োগকর্তা
employment,কর্মসংস্থান
empty,খালি
enable,সক্ষম করুন
encounter,মুখোমুখি
encourage,উত্সাহিত
end,শেষ
enemy,শত্রু
energy,শক্তি
enforcement,প্রয়োগ
engage,জড়িত
engine,ইঞ্জিন
engineer,প্রকৌশলী
engineering,প্রকৌশল
English,ইংরেজি
enhance,উন্নত
enjoy,উপভোগ করুন
enormous,প্রচুর
enough,যথেষ্ট
ensure,নিশ্চিত করা
enter,প্রবেশ করুন
enterprise,এন্টারপ্রাইজ
entertainment,বিনোদন
entire,পুরো
entirely,সম্পূর্ণ
entrance,প্রবেশদ্বার
entry,প্রবেশ
environment,পরিবেশ
environmental,পরিবেশগত
episode,পর্ব
equal,সমান
equally,সমানভাবে
equipment,সরঞ্জাম
era,যুগ
error,ত্রুটি
escape,পালাতে
especially,বিশেষত
essay,প্রবন্ধ
essential,অপরিহার্য
essentially,মূলত
establish,প্রতিষ্ঠা
establishment,প্রতিষ্ঠা
estate,এস্টেট
estimate,অনুমান
etc,ইত্যাদি
ethics,নীতিশাস্ত্র
ethnic,জাতিগত
European,ইউরোপীয়
evaluate,মূল্যায়ন
evaluation,মূল্যায়ন
even,এমন কি
evening,সন্ধ্যা
event,ঘটনা
eventually,অবশেষে
ever,কখনও
every,প্রতি
everybody,সবাই
everyday,প্রতিদিন
everyone,সবাই
everything,সবকিছু
everywhere,সর্বত্র
evidence,প্রমান
evolution,বিবর্তন
evolve,বিবর্তিত
exact,ঠিক
exactly,হুবহু
examination,পরীক্ষা
examine,পরীক্ষা করা
example,উদাহরণ
exceed,অতিক্রম
excellent,দুর্দান্ত
except,বাদে
exception,ব্যতিক্রম
exchange,বিনিময়
exciting,উত্তেজনাপূর্ণ
executive,কার্যনির্বাহী
exercise,অনুশীলন
exhibit,প্রদর্শন
exhibition,প্রদর্শনী
exist,বিদ্যমান
existence,অস্তিত্ব
existing,বিদ্যমান
expand,বিস্তৃত করা
expansion,সম্প্রসারণ
expect,প্রত্যাশা
expectation,প্রত্যাশা
expense,ব্যয়
expensive,ব্যয়বহুল
experience,অভিজ্ঞতা
experiment,পরীক্ষা
expert,বিশেষজ্ঞ
explain,ব্যাখ্যা করা
explanation,ব্যাখ্যা
explode,বিস্ফোরণ
explore,অন্বেষণ
explosion,বিস্ফোরণ
expose,প্রকাশ করা
exposure,প্রকাশ
express,প্রকাশ করা
expression,অভিব্যক্তি
extend,প্রসারিত করা
extension,এক্সটেনশন
extensive,ব্যাপক
extent,ব্যাপ্তি
external,বাহ্যিক
extra,অতিরিক্ত
extraordinary,অসাধারণ
extreme,চরম
extremely,অত্যন্ত
eye,চোখ
fabric,ফ্যাব্রিক
face,মুখ
facility,সুবিধা
fact,সত্য
factor,ফ্যাক্টর
factory,কারখানা
faculty,অনুষদ
fade,বিবর্ণ
fail,ব্যর্থ
failure,ব্যর্থতা
fair,মেলা
fairly,মোটামুটি
faith,বিশ্বাস
fall,পতন
FALSE,মিথ্যা
familiar,পরিচিত
family,পরিবার
famous,বিখ্যাত
fan,ফ্যান
fantasy,কল্পনা
far,অনেক দূরে
farm,খামার
farmer,কৃষক
fashion,ফ্যাশন
fast,দ্রুত
fat,চর্বি
fate,ভাগ্য
father,পিতা
fault,দোষ
favor,আনুকূল্য
favorite,প্রিয়
fear,ভয়
feature,বৈশিষ্ট্য
federal,ফেডারেল
fee,ফি
feed,ফিড
feel,অনুভব করা
feeling,অনুভূতি
fellow,ফেলো
female,মহিলা
fence,বেড়া
few,কয়েক
fewer,কম
fiber,ফাইবার
fiction,কথাসাহিত্য
field,ক্ষেত্র
fifteen,পনের
fifth,পঞ্চম
fifty,পঞ্চাশ
fight,লড়াই
fighter,যোদ্ধা
fighting,লড়াই
figure,চিত্র
file,ফাইল
fill,পূরণ করুন
film,ফিল্ম
final,চূড়ান্ত
finally,অবশেষে
finance,অর্থায়ন
financial,আর্থিক
find,অনুসন্ধান
finding,সন্ধান
fine,ভাল
finger,আঙুল
finish,সমাপ্তি
fire,আগুন
firm,দৃঢ়
first,প্রথম
fish,মাছ
fishing,মাছ ধরা
fit,ফিট
fitness,ফিটনেস
five,পাঁচ
fix,ঠিক আছে
flag,পতাকা
flame,শিখা
flat,সমান
flavor,স্বাদ
flee,ভাগা
flesh,মাংস
flight,ফ্লাইট
float,ভাসা
floor,মেঝে
flow,প্রবাহ
flower,ফুল
fly,উড়ুন
focus,ফোকাস
folk,লোক
follow,অনুসরণ করুন
following,অনুসরণ
food,খাদ্য
foot,পা
football,ফুটবল
for,জন্য
force,শক্তি
foreign,বিদেশী
forest,বন। জংগল
forever,চিরতরে
forget,ভুলে যাও
form,ফর্ম
formal,আনুষ্ঠানিক
formation,গঠন
former,প্রাক্তন
formula,সূত্র
forth,সামনে
fortune,ভাগ্য
forward,ফরোয়ার্ড
found,পাওয়া গেছে
foundation,ভিত্তি
founder,প্রতিষ্ঠাতা
four,চার
fourth,চতুর্থ
frame,ফ্রেম
framework,কাঠামো
free,বিনামূল্যে
freedom,স্বাধীনতা
freeze,বরফে পরিণত করা
French,ফরাসি
frequency,ফ্রিকোয়েন্সি
frequent,ঘন ঘন
frequently,ঘন ঘন
fresh,টাটকা
friend,বন্ধু
friendly,বন্ধুত্বপূর্ণ
friendship,বন্ধুত্ব
from,থেকে
front,সামনে
fruit,ফল
frustration,পরাজয়
fuel,জ্বালানী
full,সম্পূর্ণ
fully,সম্পূর্ণ
fun,মজা
function,ফাংশন
fund,তহবিল
fundamental,মৌলিক
funding,তহবিল
funeral,অন্ত্যেষ্টিক্রিয়া
funny,হাস্যকর
furniture,আসবাবপত্র
furthermore,আরও
future,ভবিষ্যত
gain,লাভ করা
galaxy,গ্যালাক্সি
gallery,গ্যালারী
game,খেলা
gang,গ্যাং
gap,ফাঁক
garage,গ্যারেজ
garden,বাগান
garlic,রসুন
gas,গ্যাস
gate,গেট
gather,জড়ো
gay,সমকামী
gaze,দৃষ্টি
gear,গিয়ার
gender,লিঙ্গ
gene,জিন
general,সাধারণ
generally,সাধারণত
generate,উত্পন্ন
generation,প্রজন্ম
genetic,জেনেটিক
gentleman,ভদ্রলোক
gently,আলতো করে
German,জার্মান
gesture,অঙ্গভঙ্গি
get,পাওয়া
ghost,প্রেতাত্মা
giant,দৈত্য
gift,উপহার
gifted,প্রতিভাশালী
girl,মেয়ে
girlfriend,বান্ধবী
give,দিন
given,দেওয়া
glad,খুশি
glance,এক পলক দেখা
glass,গ্লাস
global,গ্লোবাল
glove,গ্লোভ
go,যাওয়া
goal,লক্ষ্য
God,সৃষ্টিকর্তা
gold,সোনার
golden,সোনালী
golf,গল্ফ
good,ভাল
government,সরকার
governor,গভর্নর
grab,দখল
grade,শ্রেণী
gradually,ধীরে ধীরে
graduate,স্নাতক
grain,শস্য
grand,গ্র্যান্ড
grandfather,দাদা
grandmother,ঠাকুরমা
grant,প্রদান
grass,ঘাস
grave,কবর
gray,ধূসর
great,দুর্দান্ত
greatest,সবচেয়ে বড়
green,সবুজ
grocery,মুদিখানা
ground,গ্রাউন্ড
group,গ্রুপ
grow,বৃদ্ধি
growing,ক্রমবর্ধমান
growth,বৃদ্ধি
guarantee,গ্যারান্টি
guard,প্রহরী
guess,অনুমান
guest,অতিথি
guide,গাইড
guideline,গাইডলাইন
guilty,দোষী
gun,বন্দুক
guy,গাই
habit,অভ্যাস
habitat,আবাসস্থল
hair,চুল
half,অর্ধেক
hall,হল
hand,হাত
handful,থাবা
handle,হাতল
hang,ঝুলন্ত
happen,ঘটছে
happy,সুখী
hard,হার্ড
hardly,খুব কমই
hat,টুপি
hate,ঘৃণা
have,আছে
he,তিনি
head,মাথা
headline,শিরোনাম
headquarters,সদর দফতর
health,স্বাস্থ্য
healthy,সুস্থ
hear,শুনুন
hearing,শ্রবণ
heart,হৃদয়
heat,উত্তাপ
heaven,স্বর্গ
heavily,ভারী
heavy,ভারী
heel,হিল
height,উচ্চতা
helicopter,হেলিকপ্টার
hell,নরক
hello,হ্যালো
help,সাহায্য
helpful,সহায়ক
her,তার
here,এখানে
heritage,heritage তিহ্য
hero,হিরো
herself,নিজেকে
hey,আরে
hi,ওহে
hide,লুকান
high,উচ্চ
highlight,লক্ষণীয় করা
highly,উচ্চ
highway,হাইওয়ে
hill,পাহাড়
him,তাকে
himself,নিজেই
hip,হিপ
hire,ভাড়া
his,তার
historian,ইতিহাসবিদ
historic,Hist তিহাসিক
historical,Historical তিহাসিক
history,ইতিহাস
hit,আঘাত
hold,রাখা
hole,গর্ত
holiday,ছুটি
holy,পবিত্র
home,বাড়ি
homeless,গৃহহীন
honest,সৎ
honey,মধু
honor,সম্মান
hope,আশা করি
horizon,দিগন্ত
horror,ভয়াবহ
horse,ঘোড়া
hospital,হাসপাতাল
host,হোস্ট
hot,গরম
hotel,হোটেল
hour,ঘন্টা
house,গৃহ
household,পরিবার
housing,হাউজিং
how,কিভাবে
however,যাহোক
huge,বিশাল
human,মানব
humor,মেজাজ
hundred,শত
hungry,ক্ষুধার্ত
hunter,শিকারী
hunting,শিকার
hurt,আঘাত
husband,স্বামী
hypothesis,হাইপোথিসিস
I,আমি
ice,বরফ
idea,ধারণা
ideal,আদর্শ
identification,পরিচয়
identify,সনাক্ত করুন
identity,পরিচয়
ie,অর্থাৎ
if,যদি
ignore,উপেক্ষা
ill,আমি
illegal,অবৈধ
illness,অসুস্থতা
illustrate,চিত্রিত করা
image,চিত্র
imagination,কল্পনা
imagine,কল্পনা করুন
immediate,তাত্ক্ষণিক
immediately,অবিলম্বে
immigrant,অভিবাসী
immigration,ইমিগ্রেশন
impact,প্রভাব
implement,বাস্তবায়ন
implication,জড়িত
imply,বোঝানো
importance,গুরুত্ব
important,গুরুত্বপূর্ণ
impose,চাপানো
impossible,অসম্ভব
impress,মুগ্ধ
impression,ছাপ
impressive,চিত্তাকর্ষক
improve,উন্নতি
improvement,উন্নতি
in,ভিতরে
incentive,উত্সাহ
incident,ঘটনা
include,অন্তর্ভুক্ত
including,সহ
income,আয়
incorporate,নিগমবদ্ধ
increase,বৃদ্ধি
increased,বৃদ্ধি
increasing,ক্রমবর্ধমান
increasingly,ক্রমবর্ধমানভাবে
incredible,অবিশ্বাস্য
indeed,প্রকৃতপক্ষে
independence,স্বাধীনতা
independent,স্বতন্ত্র
index,সূচক
Indian,ভারতীয়
indicate,নির্দেশ করুন
indication,ইঙ্গিত
individual,স্বতন্ত্র
industrial,শিল্প
industry,শিল্প
infant,শিশু
infection,সংক্রমণ
inflation,মুদ্রাস্ফীতি
influence,প্রভাব
inform,অবহিত
information,তথ্য
ingredient,উপাদান
initial,প্রাথমিক
initially,প্রাথমিকভাবে
initiative,উদ্যোগ
injury,আঘাত
inner,অভ্যন্তরীণ
innocent,নির্দোষ
inquiry,অনুসন্ধান
inside,ভিতরে
insight,অন্তর্দৃষ্টি
insist,জোর দিন
inspire,অনুপ্রেরণা
install,ইনস্টল করুন
instance,দৃষ্টান্ত
instead,পরিবর্তে
institution,প্রতিষ্ঠান
institutional,প্রাতিষ্ঠানিক
instruction,নির্দেশ
instructor,প্রশিক্ষক
instrument,যন্ত্র
insurance,বীমা
intellectual,বুদ্ধিজীবী
intelligence,বুদ্ধি
intend,অভিপ্রায়
intense,তীব্র
intensity,তীব্রতা
intention,অভিপ্রায়
interaction,মিথষ্ক্রিয়া
interest,স্বার্থ
interested,আগ্রহী
interesting,মজাদার
internal,অভ্যন্তরীণ
international,আন্তর্জাতিক
Internet,ইন্টারনেট
interpret,ব্যাখ্যা
interpretation,ব্যাখ্যা
intervention,হস্তক্ষেপ
interview,সাক্ষাত্কার
into,মধ্যে
introduce,পরিচয় করিয়ে দিন
introduction,ভূমিকা
invasion,আক্রমণ
invest,বিনিয়োগ
investigate,তদন্ত
investigation,তদন্ত
investigator,তদন্তকারী
investment,বিনিয়োগ
investor,বিনিয়োগকারী
invite,আমন্ত্রণ
involve,জড়িত
involved,জড়িত
involvement,জড়িত
Iraqi,ইরাকি
Irish,আইরিশ
iron,আয়রন
Islamic,ইসলামিক
island,দ্বীপ
Israeli,ইস্রায়েলি
issue,সমস্যা
it,এটা
Italian,ইতালিয়ান
item,আইটেম
its,এটি
itself,নিজেই
jacket,জ্যাকেট
jail,জেল
Japanese,জাপানি
jet,জেট
Jew,ইহুদি
Jewish,ইহুদি
job,কাজ
join,যোগ দিন
joint,যৌথ
joke,রসিকতা
journal,জার্নাল
journalist,সাংবাদিক
journey,যাত্রা
joy,আনন্দ
judge,বিচারক
judgment,রায়
juice,রস
jump,লাফ
junior,জুনিয়র
jury,জুরি
just,ঠিক
justice,বিচার
justify,ন্যায়সঙ্গত
keep,রাখুন
key,চাবি
kick,লাথি
kid,বাচ্চা
kill,হত্যা
killer,ঘাতক
killing,হত্যা
kind,দয়ালু
king,রাজা
kiss,চুম্বন
kitchen,রান্নাঘর
knee,হাঁটু
knife,ছুরি
knock,ঠক্ঠক্
know,জানুন
knowledge,জ্ঞান
lab,ল্যাব
label,লেবেল
labor,শ্রম
laboratory,পরীক্ষাগার
lack,অভাব
lady,মহিলা
lake,হ্রদ
land,জমি
landscape,ল্যান্ডস্কেপ
language,ভাষা
lap,ভাঁজ
large,বড়
largely,মূলত
last,শেষ
late,দেরী
later,পরে
Latin,লাতিন
latter,পরবর্তী
laugh,হাসি
launch,শুরু করা
law,আইন
lawn,লন
lawsuit,মামলা
lawyer,আইনজীবী
lay,শুয়ে আছে
layer,স্তর
lead,নেতৃত্ব
leader,নেতা
leadership,নেতৃত্ব
leading,নেতৃত্ব
leaf,পাতা
league,লীগ
lean,রোগা
learn,শিখুন
learning,শেখা
least,অন্তত
leather,চামড়া
leave,ছেড়ে দিন
left,বাম
leg,পা
legacy,উত্তরাধিকার
legal,আইনী
legend,কিংবদন্তি
legislation,আইন
legitimate,বৈধ
lemon,লেবু
length,দৈর্ঘ্য
less,কম
lesson,পাঠ
let,দিন
letter,চিঠি
level,স্তর
liberal,উদার
library,গ্রন্থাগার
license,লাইসেন্স
lie,মিথ্যা
life,জীবন
lifestyle,জীবনধারা
lifetime,জীবনকাল
lift,উত্তোলন
light,আলো
like,যেমন
likely,সম্ভবত
limit,সীমা
limitation,সীমাবদ্ধতা
limited,সীমাবদ্ধ
line,লাইন
link,লিঙ্ক
lip,ঠোঁট
list,তালিকা
listen,শোনো
literally,আক্ষরিক
literary,সাহিত্যিক
literature,সাহিত্য
little,ছোট
live,লাইভ দেখান
living,জীবিত
load,ভার
loan,Loan ণ
local,স্থানীয়
locate,সনাক্ত করুন
location,অবস্থান
lock,লক
long,দীর্ঘ
long-term,দীর্ঘ মেয়াদী
look,দেখুন
loose,আলগা
lose,হারান
loss,ক্ষতি
lost,নিখোঁজ
lot,অনেক
lots,প্রচুর
loud,জোরে
love,ভালবাসা
lovely,সুন্দর
lover,প্রেমিকা
low,কম
lower,নিম্ন
luck,ভাগ্য
lucky,ভাগ্যবান
lunch,মধ্যাহ্নভোজ
lung,ফুসফুস
machine,মেশিন
mad,পাগল
magazine,ম্যাগাজিন
mail,মেল
main,প্রধান
mainly,প্রধানত
maintain,রক্ষণাবেক্ষণ
maintenance,রক্ষণাবেক্ষণ
major,মেজর
majority,সংখ্যাগরিষ্ঠ
make,তৈরি করুন
maker,নির্মাতা
makeup,মেকআপ
male,পুরুষ
mall,মল
man,মানুষ
manage,পরিচালনা করুন
management,পরিচালনা
manager,ম্যানেজার
manner,পদ্ধতি
manufacturer,প্রস্তুতকারক
manufacturing,উত্পাদন
many,অনেক
map,মানচিত্র
margin,মার্জিন
mark,চিহ্ন
market,বাজার
marketing,বিপণন
marriage,বিবাহ
married,বিবাহিত
marry,বিবাহ করা
mask,মুখোশ
mass,ভর
massive,বিশাল
master,মাস্টার
match,ম্যাচ
material,উপাদান
math,গণিত
matter,বিষয়
may,মে
maybe,হতে পারে
mayor,মেয়র
me,আমাকে
meal,খাবার
mean,মানে
meaning,অর্থ
meanwhile,এদিকে
measure,পরিমাপ করা
measurement,মাপা
meat,মাংস
mechanism,পদ্ধতি
media,মিডিয়া
medical,চিকিৎসা
medication,ওষুধ
medicine,ওষুধ
medium,মধ্যম
meet,সম্মেলন
meeting,সভা
member,সদস্য
membership,সদস্যতা
memory,স্মৃতি
mental,মানসিক
mention,উল্লেখ করুন
menu,তালিকা
mere,নিছক
merely,নিছক
mess,গণ্ডগোল
message,বার্তা
metal,ধাতু
meter,মিটার
method,পদ্ধতি
Mexican,মেক্সিকান
middle,মাঝারি
might,হতে পারে
military,সামরিক
milk,দুধ
million,মিলিয়ন
mind,মন
mine,আমার
minister,মন্ত্রী
minor,গৌণ
minority,নাবালকত্ব
minute,মিনিট
miracle,অলৌকিক ঘটনা
mirror,আয়না
miss,হারানো
missile,ক্ষেপণাস্ত্র
mission,মিশন
mistake,ভুল
mix,মিশ্রণ
mixture,মিশ্রণ
mm-hmm,মিমি-হুম
mode,মোড
model,মডেল
moderate,মাঝারি
modern,আধুনিক
modest,বিনয়ী
mom,মা
moment,মুহূর্ত
money,টাকা
monitor,মনিটর
month,মাস
mood,মেজাজ
moon,চাঁদ
moral,নৈতিক
more,আরও
moreover,আরও
morning,সকাল
mortgage,বন্ধক
most,সর্বাধিক
mostly,অধিকাংশ ক্ষেত্রে
mother,মা
motion,গতি
motivation,অনুপ্রেরণা
motor,মোটর
mount,মাউন্ট
mountain,পর্বত
mouse,মাউস
mouth,মুখ
move,সরানো
movement,আন্দোলন
movie,সিনেমা
Mr,জনাব
Mrs,জনাবা
Ms,মাইক্রোসফট
much,অনেক
multiple,একাধিক
murder,খুন
muscle,পেশী
museum,যাদুঘর
music,সংগীত
musical,বাদ্যযন্ত্র
musician,সংগীতশিল্পী
Muslim,মুসলিম
must,অবশ্যই
mutual,মিউচুয়াল
my,আমার
myself,আমি
mystery,রহস্য
myth,শ্রুতি
naked,নগ্ন
name,নাম
narrative,বর্ণনামূলক
narrow,সংকীর্ণ
nation,জাতি
national,জাতীয়
native,স্থানীয়
natural,প্রাকৃতিক
naturally,স্বাভাবিকভাবে
nature,প্রকৃতি
near,কাছাকাছি
nearby,কাছাকাছি
nearly,প্রায়
necessarily,অগত্যা
necessary,প্রয়োজনীয়
neck,ঘাড়
need,প্রয়োজন
negative,নেতিবাচক
negotiate,আলোচনা
negotiation,আলাপ - আলোচনা
neighbor,প্রতিবেশী
neighborhood,পাড়া
neither,না
nerve,স্নায়ু
nervous,স্নায়বিক
net,নেট
network,অন্তর্জাল
never,কখনও না
nevertheless,তবুও
new,নতুন
newly,সদ্য
news,খবর
newspaper,সংবাদপত্র
next,পরবর্তী
nice,সুন্দর
night,রাত
nine,নয়
no,না
nobody,কেউ
nod,সম্মতি
noise,শব্দ
nomination,মনোনয়ন
none,কিছুই না
nonetheless,তবুও
nor,না
normal,সাধারণ
normally,সাধারণত
north,উত্তর
northern,উত্তর
nose,নাক
not,না
note,বিঃদ্রঃ
nothing,কিছুই না
notice,বিজ্ঞপ্তি
notion,ধারণা
novel,উপন্যাস
now,এখন
nowhere,কোথাও
n't,না
nuclear,পারমাণবিক
number,সংখ্যা
numerous,অনেক
nurse,নার্স
nut,বাদাম
object,অবজেক্ট
objective,উদ্দেশ্য
obligation,বাধ্যবাধকতা
observation,পর্যবেক্ষণ
observe,পর্যবেক্ষণ
observer,পর্যবেক্ষক
obtain,প্রাপ্তি
obvious,সুস্পষ্ট
obviously,স্পষ্টতই
occasion,উপলক্ষ
occasionally,মাঝে মাঝে
occupation,পেশা
occupy,দখল করা
occur,ঘটছে
ocean,মহাসাগর
odd,অস্বাভাবিক
odds,প্রতিক্রিয়া
of,এর
off,বন্ধ
offense,অপরাধ
offensive,আপত্তিজনক
offer,অফার
office,দপ্তর
officer,অফিসার
official,দাপ্তরিক
often,প্রায়শই
oh,উহু
oil,তেল
ok,ঠিক আছে
okay,ঠিক আছে
old,পুরানো
Olympic,অলিম্পিক
on,চালু
once,একদা
one,এক
ongoing,চলমান
onion,পেঁয়াজ
online,অনলাইন
only,কেবল
onto,উপর
open,খোলা
opening,খোলার
operate,পরিচালনা
operating,অপারেটিং
operation,অপারেশন
operator,অপারেটর
opinion,মতামত
opponent,প্রতিপক্ষ
opportunity,সুযোগ
oppose,বিরোধিতা
opposite,বিপরীত
opposition,বিরোধী দল
option,বিকল্প
or,বা
orange,কমলা
order,অর্ডার
ordinary,সাধারণ
organic,জৈব
organization,সংগঠন
organize,সংগঠিত করা
orientation,ওরিয়েন্টেশন
origin,উত্স
original,আসল
originally,মূলত
other,অন্য
others,অন্যান্য
otherwise,অন্যথায়
ought,
our,আমাদের
ourselves,নিজেরাই
out,বাইরে
outcome,ফলাফল
outside,বাইরে
oven,চুলা
over,ওভার
overall,সামগ্রিকভাবে
overcome,কাটিয়ে উঠা
overlook,উপেক্ষা
owe,ow
own,নিজস্ব
owner,মালিক
pace,গতি
pack,প্যাক
package,প্যাকেজ
page,পৃষ্ঠা
pain,ব্যথা
painful,বেদনাদায়ক
paint,পেইন্ট
painter,চিত্রশিল্পী
painting,পেইন্টিং
pair,জুটি
pale,ফ্যাকাশে
Palestinian,ফিলিস্তিনি
palm,খেজুর
pan,প্যান
panel,প্যানেল
pant,প্যান্ট
paper,কাগজ
parent,পিতামাতা
park,পার্ক
parking,পার্কিং
part,অংশ
participant,অংশগ্রহণকারী
participate,অংশগ্রহণ
participation,অংশগ্রহণ
particular,বিশেষ
particularly,বিশেষত
partly,আংশিক
partner,অংশীদার
partnership,অংশীদারিত্ব
party,পার্টি
pass,পাস
passage,উত্তরণ
passenger,যাত্রী
passion,আবেগ
past,অতীত
patch,প্যাচ
path,পথ
patient,রোগী
pattern,প্যাটার্ন
pause,বিরতি
pay,পে
payment,অর্থ প্রদান
PC,পিসি
peace,শান্তি
peak,শিখর
peer,সমকক্ষ ব্যক্তি
penalty,জরিমানা
people,মানুষ
pepper,মরিচ
per,প্রতি
perceive,অনুধাবন
percentage,শতাংশ
perception,উপলব্ধি
perfect,নিখুঁত
perfectly,পুরোপুরি
perform,পারফর্ম
performance,কর্মক্ষমতা
perhaps,সম্ভবত
period,পিরিয়ড
permanent,স্থায়ী
permission,অনুমতি
permit,অনুমতি
person,ব্যক্তি
personal,ব্যক্তিগত
personality,ব্যক্তিত্ব
personally,ব্যক্তিগতভাবে
personnel,কর্মী
perspective,দৃষ্টিভঙ্গি
persuade,পটান
pet,পোষা প্রাণী
phase,পর্যায়
phenomenon,ঘটমান বিষয়
philosophy,দর্শন
phone,ফোন
photo,ছবি
photograph,আলোকচিত্র
photographer,ফটোগ্রাফার
phrase,বাক্যাংশ
physical,শারীরিক
physically,শারীরিকভাবে
physician,চিকিত্সক
piano,পিয়ানো
pick,বাছাই
picture,ছবি
pie,পাই
piece,টুকরা
pile,গাদা
pilot,বিমান - চালক
pine,পাইন
pink,গোলাপী
pipe,পাইপ
pitch,পিচ
place,স্থান
plan,পরিকল্পনা
plane,বিমান
planet,গ্রহ
planning,পরিকল্পনা
plant,উদ্ভিদ
plastic,প্লাস্টিক
plate,প্লেট
platform,প্ল্যাটফর্ম
play,খেলুন
player,খেলোয়াড়
please,অনুগ্রহ
pleasure,আনন্দ
plenty,প্রচুর
plot,পটভূমি
plus,প্লাস
PM,প্রধানমন্ত্রী
pocket,পকেট
poem,কবিতা
poet,কবি
poetry,কবিতা
point,পয়েন্ট
pole,মেরু
police,পুলিশ
policy,নীতি
political,রাজনৈতিক
politically,রাজনৈতিকভাবে
politician,রাজনীতিবিদ
politics,রাজনীতি
poll,পোল
pollution,দূষণ
pool,পুল
poor,দরিদ্র
pop,পপ
popular,জনপ্রিয়
population,জনসংখ্যা
porch,বারান্দা
port,বন্দর
portion,অংশ
portrait,প্রতিকৃতি
portray,ভাষায় বর্ণনা করা
pose,অঙ্গবিক্ষেপ
position,অবস্থান
positive,ইতিবাচক
possess,অধিকার
possibility,সম্ভাবনা
possible,সম্ভব
possibly,সম্ভবত
post,পোস্ট
pot,পাত্র
potato,আলু
potential,সম্ভাবনা
potentially,সম্ভাব্যভাবে
pound,পাউন্ড
pour,our ালা
poverty,দারিদ্র্য
powder,গুঁড়ো
power,শক্তি
powerful,ক্ষমতাশালী
practical,ব্যবহারিক
practice,অনুশীলন করা
pray,প্রার্থনা
prayer,প্রার্থনা
precisely,অবিকল
predict,ভবিষ্যদ্বাণী
prefer,পছন্দ
preference,পছন্দ
pregnancy,গর্ভাবস্থা
pregnant,গর্ভবতী
preparation,প্রস্তুতি
prepare,প্রস্তুত করা
prescription,প্রেসক্রিপশন
presence,উপস্থিতি
present,উপস্থিত
presentation,উপস্থাপনা
preserve,সংরক্ষণ করুন
president,রাষ্ট্রপতি
presidential,রাষ্ট্রপতি
press,প্রেস
pressure,চাপ
pretend,ভান করা
pretty,সুন্দর
prevent,প্রতিরোধ
previous,আগে
previously,পূর্বে
price,দাম
pride,গর্ব
priest,পুরোহিত
primarily,প্রাথমিকভাবে
primary,প্রাথমিক
prime,প্রধান
principal,অধ্যক্ষ
principle,নীতি
print,ছাপা
prior,পূর্বে
priority,অগ্রাধিকার
prison,কারাগার
prisoner,বন্দী
privacy,গোপনীয়তা
private,ব্যক্তিগত
probably,সম্ভবত
problem,সমস্যা
procedure,পদ্ধতি
proceed,অগ্রসর
process,প্রক্রিয়া
produce,উৎপাদন করা
producer,প্রযোজক
product,পণ্য
production,উত্পাদন
profession,পেশা
professional,পেশাদার
professor,অধ্যাপক
profile,প্রোফাইল
profit,লাভ
program,কার্যক্রম
progress,অগ্রগতি
project,প্রকল্প
prominent,বিশিষ্ট
promise,প্রতিশ্রুতি
promote,প্রচার
prompt,শীঘ্র
proof,প্রমাণ
proper,সঠিক
properly,সঠিকভাবে
property,সম্পত্তি
proportion,অনুপাত
proposal,প্রস্তাব
propose,প্রস্তাব
proposed,প্রস্তাবিত
prosecutor,প্রসিকিউটর
prospect,সম্ভাবনা
protect,রক্ষা করুন
protection,সুরক্ষা
protein,প্রোটিন
protest,প্রতিবাদ
proud,গর্বিত
prove,প্রমাণ করুন
provide,সরবরাহ করুন
provider,প্রদানকারী
province,প্রদেশ
provision,বিধান
psychological,মানসিক
psychologist,মনোবিজ্ঞানী
psychology,মনোবিজ্ঞান
public,জনসাধারণ
publication,প্রকাশনা
publicly,প্রকাশ্যে
publish,প্রকাশ
publisher,প্রকাশক
pull,টান
punishment,শাস্তি
purchase,ক্রয়
pure,খাঁটি
purpose,উদ্দেশ্য
pursue,অন্বেষণ করা
push,ধাক্কা
put,রাখুন
qualify,যোগ্যতা
quality,গুণ
quarter,কোয়ার্টার
quarterback,কোয়ার্টারব্যাক
question,প্রশ্ন
quick,দ্রুত
quickly,দ্রুত
quiet,শান্ত
quietly,চুপচাপ
quit,প্রস্থান
quite,বেশ
quote,উদ্ধৃতি
race,রেস
racial,জাতিগত
radical,র‌্যাডিক্যাল
radio,রেডিও
rail,রেল
rain,বৃষ্টি
raise,উত্থাপন
range,পরিসীমা
rank,র‌্যাঙ্ক
rapid,দ্রুত
rapidly,দ্রুত
rare,বিরল
rarely,কদাচিৎ
rate,রেট
rather,বরং
rating,রেটিং
ratio,অনুপাত
raw,কাঁচা
reach,পৌঁছানো
react,প্রতিক্রিয়া
reaction,প্রতিক্রিয়া
read,পড়ুন
reader,পাঠক
reading,পড়া
ready,প্রস্তুত
real,বাস্তব
reality,বাস্তবতা
realize,উপলব্ধি করুন
really,সত্যিই
reason,কারণ
reasonable,যুক্তিসঙ্গত
recall,স্মরণ করুন
receive,গ্রহণ
recent,সাম্প্রতিক
recently,সম্প্রতি
recipe,রেসিপি
recognition,স্বীকৃতি
recognize,স্বীকৃতি
recommend,সুপারিশ
recommendation,সুপারিশ
record,রেকর্ড
recording,রেকর্ডিং
recover,পুনরুদ্ধার
recovery,পুনরুদ্ধার
recruit,নিয়োগ
red,লাল
reduce,হ্রাস
reduction,হ্রাস
refer,উল্লেখ করুন
reference,রেফারেন্স
reflect,প্রতিফলিত করা
reflection,প্রতিচ্ছবি
reform,সংশোধন
refugee,শরণার্থী
refuse,প্রত্যাখ্যান
regard,বিবেচনা করুন
regarding,সংক্রান্ত
regardless,নির্বিশেষে
regime,শাসনব্যবস্থা
region,অঞ্চল
regional,আঞ্চলিক
register,নিবন্ধন
regular,নিয়মিত
regularly,নিয়মিত
regulate,নিয়ন্ত্রণ করুন
regulation,নিয়ন্ত্রণ
reinforce,শক্তিশালী
reject,প্রত্যাখ্যান
relate,বলা
relation,সম্পর্ক
relationship,সম্পর্ক
relative,আত্মীয়
relatively,তুলনামূলকভাবে
relax,আরাম করুন
release,মুক্তি
relevant,প্রাসঙ্গিক
relief,স্বস্তি
religion,ধর্ম
religious,ধর্মীয়
rely,নির্ভর করুন
remain,থাকুন
remaining,বাকি
remarkable,উল্লেখযোগ্য
remember,মনে রাখবেন
remind,মনে করিয়ে দিন
remote,দূরবর্তী
remove,অপসারণ
repeat,পুনরাবৃত্তি
repeatedly,পুনঃপুনঃ
replace,প্রতিস্থাপন
reply,উত্তর
report,রিপোর্ট
reporter,রিপোর্টার
represent,চিত্রিত করা
representation,প্রতিনিধিত্ব
representative,প্রতিনিধি
Republican,রিপাবলিকান
reputation,খ্যাতি
request,অনুরোধ
require,প্রয়োজন
requirement,প্রয়োজনীয়তা
research,গবেষণা
researcher,গবেষক
resemble,অনুরূপ
reservation,সংরক্ষণ
resident,বাসিন্দা
resist,প্রতিহত করা
resistance,প্রতিরোধ
resolution,রেজোলিউশন
resolve,সমাধান
resort,অবলম্বন
resource,সংস্থান
respect,সম্মান
respond,প্রতিক্রিয়া
respondent,উত্তরদাতা
response,প্রতিক্রিয়া
responsibility,দায়িত্ব
responsible,দায়ী
rest,বিশ্রাম
restaurant,রেঁস্তোরা
restore,পুনরুদ্ধার
restriction,সীমাবদ্ধতা
result,ফলাফল
retain,ধরে রাখা
retire,অবসর
retirement,অবসর
return,প্রত্যাবর্তন
reveal,প্রকাশ করা
revenue,রাজস্ব
review,পুনঃমূল্যায়ন
revolution,বিপ্লব
rhythm,ছন্দ
rice,ভাত
rich,ধনী
rid,মুক্তি
ride,যাত্রা
rifle,রাইফেল
right,ঠিক আছে
ring,রিং
rise,উত্থান
risk,ঝুঁকি
river,নদী
road,রাস্তা
rock,রক
role,ভূমিকা
roll,রোল
romantic,রোমান্টিক
roof,ছাদ
room,ঘর
root,মূল
rope,দড়ি
rose,গোলাপ
rough,রুক্ষ
roughly,মোটামুটিভাবে
round,গোল
route,রুট
routine,রুটিন
row,সারি
rub,ঘষা
rule,নিয়ম
run,দৌড়
running,চলমান
rural,গ্রামীণ
rush,ভিড়
Russian,রাশিয়ান
sacred,পবিত্র
sad,দু: খিত
safe,নিরাপদ
safety,সুরক্ষা
sake,খরচ
salad,সালাদ
salary,বেতন
sale,বিক্রয়
sales,বিক্রয়
salt,লবণ
same,একই
sample,নমুনা
sanction,অনুমোদন
sand,বালি
satellite,স্যাটেলাইট
satisfaction,সন্তোষ
satisfy,পরিতৃপ্ত করা
sauce,সস
save,সংরক্ষণ
saving,সংরক্ষণ
say,বলুন
scale,স্কেল
scandal,কেলেঙ্কারী
scared,ভীত
scenario,দৃশ্য
scene,দৃশ্য
schedule,সময়সূচী
scheme,পরিকল্পনা
scholar,পণ্ডিত
scholarship,বৃত্তি
school,বিদ্যালয়
science,বিজ্ঞান
scientific,বৈজ্ঞানিক
scientist,বিজ্ঞানী
scope,সুযোগ
score,স্কোর
scream,চিৎকার
screen,পর্দা
script,লিপি
sea,সমুদ্র
search,অনুসন্ধান
season,মৌসম
seat,আসন
second,দ্বিতীয়
secret,গোপন
secretary,সচিব
section,অধ্যায়
sector,সেক্টর
secure,নিরাপদ
security,সুরক্ষা
see,দেখা
seed,বীজ
seek,সন্ধান করুন
seem,মনে হচ্ছে
segment,বিভাগ
seize,জব্দ
select,নির্বাচন করুন
selection,নির্বাচন
self,স্ব
sell,বিক্রয়
Senate,সিনেট
senator,সিনেটর
send,প্রেরণ
senior,ঊর্ধ্বতন
sense,ইন্দ্রিয়
sensitive,সংবেদনশীল
sentence,বাক্য
separate,পৃথক
sequence,ক্রম
series,সিরিজ
serious,গুরুতর
seriously,সিরিয়াসলি
serve,পরিবেশন
service,পরিষেবা
session,সেশন
set,সেট
setting,স্থাপন
settle,নিষ্পত্তি
settlement,বন্দোবস্ত
seven,সাত
several,বেশ কয়েকটি
severe,গুরুতর
sex,লিঙ্গ
sexual,যৌন
shade,ছায়া
shadow,ছায়া
shake,ঝাঁকি
shall,হবে
shape,আকৃতি
share,শেয়ার
sharp,তীক্ষ্ণ
she,সে
sheet,শীট
shelf,শেল্ফ
shell,শেল
shelter,আশ্রয়
shift,শিফট
shine,চকচকে
ship,জাহাজ
shirt,শার্ট
shit,ছিঃ
shock,ধাক্কা
shoe,জুতো
shoot,গুলি
shooting,শুটিং
shop,দোকান
shopping,কেনাকাটা
shore,কূল
short,সংক্ষিপ্ত
shortly,শীঘ্রই
shot,শট
should,করা উচিত
shoulder,কাঁধ
shout,চিৎকার
show,শো
shower,ঝরনা
shrug,শ্রাগ
shut,বন্ধ
sick,অসুস্থ
side,পাশ
sigh,দীর্ঘশ্বাস
sight,দৃষ্টিশক্তি
sign,চিহ্ন
signal,সংকেত
significance,তাৎপর্য
significant,তাৎপর্যপূর্ণ
significantly,উল্লেখযোগ্যভাবে
silence,নীরবতা
silent,নীরব
silver,রৌপ্য
similar,অনুরূপ
similarly,একইভাবে
simple,সহজ
simply,কেবল
sin,পাপ
since,থেকে
sing,গান
singer,গায়ক
single,একক
sink,ডুবে
sir,স্যার
sister,বোন
sit,বসা
site,সাইট
situation,অবস্থা
six,ছয়
size,আকার
ski,স্কি
skill,দক্ষতা
skin,ত্বক
sky,আকাশ
slave,দাস
sleep,ঘুম
slice,স্লাইস
slide,স্লাইড
slight,সামান্য
slightly,সামান্য
slip,স্লিপ
slow,ধীর
slowly,আস্তে আস্তে
small,ছোট
smart,স্মার্ট
smell,গন্ধ
smile,হাসি
smoke,ধূমপান
smooth,মসৃণ
snap,স্ন্যাপ
snow,তুষার
so,সুতরাং
so-called,তথাকথিত
soccer,সকার
social,সামাজিক
society,সমাজ
soft,নরম
software,সফটওয়্যার
soil,মাটি
solar,সৌর
soldier,সৈনিক
solid,সলিড
solution,সমাধান
solve,সমাধান
some,কিছু
somebody,কেউ
somehow,একরকম
someone,কেউ
something,কিছু
sometimes,কখনও কখনও
somewhat,কিছুটা
somewhere,কোথাও
son,পুত্র
song,গান
soon,শীঘ্রই
sophisticated,পরিশীলিত
sorry,দুঃখিত
sort,সাজান
soul,আত্মা
sound,শব্দ
soup,স্যুপ
source,সূত্র
south,দক্ষিণ
southern,দক্ষিণ
Soviet,সোভিয়েত
space,স্থান
Spanish,স্পেনীয়
speak,কথা বলুন
speaker,স্পিকার
special,বিশেষ
specialist,বিশেষজ্ঞ
species,প্রজাতি
specific,নির্দিষ্ট
specifically,বিশেষভাবে
speech,বক্তৃতা
speed,দ্রুততা
spend,ব্যয় করা
spending,ব্যয়
spin,স্পিন
spirit,স্পিরিট
spiritual,আধ্যাত্মিক
split,বিভক্ত
spokesman,মুখপাত্র
sport,খেলা
spot,স্পট
spread,ছড়িয়ে পড়া
spring,বসন্ত
square,বর্গক্ষেত্র
squeeze,চাপ
stability,স্থিতিশীলতা
stable,স্থিতিশীল
staff,কর্মী
stage,মঞ্চ
stair,সিঁড়ি
stake,স্টেক
stand,দাঁড়ানো
standard,স্ট্যান্ডার্ড
standing,দাঁড়িয়ে
star,তারা
stare,তাকান
start,শুরু
state,অবস্থা
statement,বিবৃতি
station,স্টেশন
statistics,পরিসংখ্যান
status,স্থিতি
stay,থাকা
steady,স্থির
steal,চুরি
steel,ইস্পাত
step,পদক্ষেপ
stick,লাঠি
still,তবুও
stir,আলোড়ন
stock,স্টক
stomach,পেট
stone,পাথর
stop,থামুন
storage,স্টোরেজ
store,স্টোর
storm,ঝড়
story,গল্প
straight,সোজা
strange,অদ্ভুত
stranger,অপরিচিত
strategic,কৌশলগত
strategy,কৌশল
stream,স্ট্রিম
street,রাস্তা
strength,শক্তি
strengthen,শক্তিশালী
stress,স্ট্রেস
stretch,প্রসারিত
strike,ধর্মঘট
string,স্ট্রিং
strip,স্ট্রিপ
stroke,স্ট্রোক
strong,শক্তিশালী
strongly,দৃ strongly ়ভাবে
structure,কাঠামো
struggle,সংগ্রাম
student,ছাত্র
studio,স্টুডিও
study,অধ্যয়ন
stuff,জিনিসপত্র
stupid,বোকা
style,স্টাইল
subject,বিষয়
submit,জমা দিন
subsequent,পরবর্তী
substance,পদার্থ
substantial,যথেষ্ট
succeed,সফল
success,সাফল্য
successful,সফল
successfully,সফলভাবে
such,যেমন
sudden,হঠাৎ
suddenly,হঠাৎ
sue,মামলা
suffer,ভোগা
sufficient,যথেষ্ট
sugar,চিনি
suggest,পরামর্শ
suggestion,পরামর্শ
suicide,আত্মহত্যা
suit,স্যুট
summer,গ্রীষ্ম
summit,শীর্ষ সম্মেলন
sun,সূর্য
super,সুপার
supply,সরবরাহ
support,সমর্থন
supporter,সমর্থক
suppose,মনে করুন
supposed,অনুমিত
Supreme,সুপ্রিম
sure,নিশ্চিত
surely,অবশ্যই
surface,পৃষ্ঠতল
surgery,সার্জারি
surprise,বিস্ময়
surprised,অবাক
surprising,বিস্ময়কর
surprisingly,আশ্চর্যজনকভাবে
surround,চারপাশে
survey,জরিপ
survival,বেঁচে থাকা
survive,বেঁচে থাকুন
survivor,বেঁচে থাকা
suspect,সন্দেহ
sustain,টেকসই
swear,শপথ করুন
sweep,পরিষ্কার করা
sweet,মিষ্টি
swim,সাঁতার
swing,দোল
switch,স্যুইচ
symbol,প্রতীক
symptom,লক্ষণ
system,পদ্ধতি
table,টেবিল
tablespoon,টেবিল চামচ
tactic,কৌশল
tail,লেজ
take,গ্রহণ করা
tale,গল্প
talent,প্রতিভা
talk,আলাপ
tall,লম্বা
tank,ট্যাঙ্ক
tap,আলতো চাপুন
tape,টেপ
target,লক্ষ্য
task,কাজ
taste,স্বাদ
tax,কর
taxpayer,করদাতা
tea,চা
teach,শিক্ষা দিন
teacher,শিক্ষক
teaching,পাঠদান
team,টীম
tear,টিয়ার
teaspoon,চা চামচ
technical,প্রযুক্তিগত
technique,প্রযুক্তি
technology,প্রযুক্তি
teen,কিশোর
teenager,কিশোর
telephone,টেলিফোন
telescope,টেলিস্কোপ
television,টেলিভিশন
tell,বলুন
temperature,তাপমাত্রা
temporary,অস্থায়ী
ten,দশ
tend,ঝোঁক
tendency,প্রবণতা
tennis,টেনিস
tension,চিন্তা
tent,তাঁবু
term,শব্দ
terms,শর্তাদি
terrible,ভয়ানক
territory,এলাকা
terror,সন্ত্রাস
terrorism,সন্ত্রাসবাদ
terrorist,সন্ত্রাসী
test,পরীক্ষা
testify,সাক্ষ্য দিন
testimony,সাক্ষ্য
testing,পরীক্ষামূলক
text,পাঠ্য
than,এর চেয়েও
thank,ধন্যবাদ
thanks,ধন্যবাদ
that,যে
the,দ্য
theater,থিয়েটার
their,তাদের
them,তাদের
theme,থিম
themselves,নিজেদের
then,তারপর
theory,তত্ত্ব
therapy,থেরাপি
there,সেখানে
therefore,সুতরাং
these,এইগুলো
they,তারা
thick,ঘন
thin,পাতলা
thing,জিনিস
think,ভাবুন
thinking,ভাবনা
third,তৃতীয়
thirty,ত্রিশ
this,এই
those,সেগুলো
though,যদিও
thought,চিন্তা
thousand,হাজার হাজার
threat,হুমকি
threaten,হুমকি
three,তিন
throat,গলা
through,মাধ্যম
throughout,জুড়ে
throw,নিক্ষেপ
thus,এইভাবে
ticket,টিকিট
tie,টাই
tight,টাইট
time,সময়
tiny,ক্ষুদ্র
tip,টিপ
tire,পাগড়ি
tired,ক্লান্ত
tissue,টিস্যু
title,শিরোনাম
to,প্রতি
tobacco,তামাক
today,আজ
toe,পায়ের আঙ্গুল
together,একসাথে
tomato,টমেটো
tomorrow,আগামীকাল
tone,টোন
tongue,জিহ্বা
tonight,আজ রাতে
too,খুব
tool,টুল
tooth,দাঁত
top,শীর্ষ
topic,বিষয়
toss,টস
total,মোট
totally,সম্পূর্ণ
touch,স্পর্শ
tough,শক্ত
tour,ট্যুর
tourist,পর্যটক
tournament,টুর্নামেন্ট
toward,দিকে
towards,দিকে
tower,টাওয়ার
town,শহর
toy,খেলনা
trace,ট্রেস
track,ট্র্যাক
trade,বাণিজ্য
tradition,Tradition তিহ্য
traditional,Dition তিহ্যবাহী
traffic,ট্র্যাফিক
tragedy,দুঃখজনক ঘটনা
trail,ট্রেইল
train,ট্রেন
training,প্রশিক্ষণ
transfer,স্থানান্তর
transform,রূপান্তর
transformation,রূপান্তর
transition,রূপান্তর
translate,অনুবাদ করা
transportation,পরিবহন
travel,ভ্রমণ
treat,ট্রিট
treatment,চিকিত্সা
treaty,চুক্তি
tree,গাছ
tremendous,অসাধারণ
trend,প্রবণতা
trial,ট্রায়াল
tribe,উপজাতি
trick,কৌশল
trip,ট্রিপ
troop,ট্রুপ
trouble,ঝামেলা
truck,ট্রাক
TRUE,সত্য
truly,সত্যই
trust,বিশ্বাস
truth,সত্য
try,চেষ্টা করুন
tube,নল
tunnel,টানেল
turn,ঘুরিয়ে
TV,টেলিভিশন
twelve,বারো
twenty,বিশ
twice,দু'বার
twin,যমজ
two,দুই
type,প্রকার
typical,সাধারণ
typically,সাধারণত
ugly,কুরুচিপূর্ণ
ultimate,চূড়ান্ত
ultimately,শেষ পর্যন্ত
unable,অক্ষম
uncle,চাচা
under,অধীনে
undergo,মধ্য দিয়ে যাওয়া
understand,বোঝা
understanding,বোঝা
unfortunately,দুর্ভাগ্যক্রমে
uniform,ইউনিফর্ম
union,মিলন
unique,অনন্য
unit,ইউনিট
United,United ক্যবদ্ধ
universal,সর্বজনীন
universe,বিশ্ব
university,বিশ্ববিদ্যালয়
unknown,অজানা
unless,যদি না
unlike,মত নয়
unlikely,অসম্ভব
until,অবধি
unusual,অস্বাভাবিক
up,আপ
upon,উপর
upper,উপরের
urban,শহুরে
urge,তাড়ন
us,আমাদের
use,ব্যবহার
used,ব্যবহৃত
useful,দরকারী
user,ব্যবহারকারী
usual,চলিত
usually,সাধারণত
utility,ইউটিলিটি
vacation,ছুটি
valley,উপত্যকা
valuable,মূল্যবান
value,মান
variable,পরিবর্তনশীল
variation,বিভিন্নতা
variety,বিভিন্ন
various,বিভিন্ন
vary,বিভিন্ন
vast,বিশাল
vegetable,শাকসবজি
vehicle,যানবাহন
venture,উদ্যোগ
version,সংস্করণ
versus,বনাম
very,খুব
vessel,জাহাজ
veteran,প্রবীণ
via,মাধ্যমে
victim,শিকার
victory,বিজয়
video,ভিডিও
view,দেখুন
viewer,দর্শক
village,গ্রাম
violate,লঙ্ঘন করা
violation,লঙ্ঘন
violence,সহিংসতা
violent,হিংস্র
virtually,কার্যত
virtue,পুণ্য
virus,ভাইরাস
visible,দৃশ্যমান
vision,দৃষ্টি
visit,দেখুন
visitor,দর্শনার্থী
visual,ভিজ্যুয়াল
vital,গুরুত্বপূর্ণ
voice,ভয়েস
volume,ভলিউম
volunteer,স্বেচ্ছাসেবক
vote,ভোট
voter,ভোটার
vs,বনাম
vulnerable,দুর্বল
wage,বেতন
wait,অপেক্ষা করুন
wake,জাগো
walk,হাঁটুন
wall,প্রাচীর
wander,ঘোরাঘুরি
want,চাই
war,যুদ্ধ
warm,উষ্ণ
warn,সতর্ক
warning,সতর্কতা
wash,ধুয়ে
waste,বর্জ্য
watch,ঘড়ি
water,জল
wave,তরঙ্গ
way,উপায়
we,আমরা
weak,দুর্বল
wealth,ধন
wealthy,ধনী
weapon,অস্ত্র
wear,পরা
weather,আবহাওয়া
wedding,বিবাহ
week,সপ্তাহ
weekend,উইকএন্ড
weekly,সাপ্তাহিক
weigh,ওজন
weight,ওজন
welcome,স্বাগত
welfare,কল্যাণ
well,আমরা হব
west,পশ্চিম
western,পশ্চিমা
wet,ভেজা
what,কি
whatever,যাই হোক
wheel,চাকা
when,কখন
whenever,যখনই
where,কোথায়
whereas,যেখানে
whether,কিনা
which,যা
while,যখন
whisper,ফিসফিস
white,সাদা
who,WHO
whole,পুরো
whom,কাকে
whose,কার
why,কেন
wide,প্রশস্ত
widely,ব্যাপকভাবে
widespread,বিস্তৃত
wife,স্ত্রী
wild,বন্য
will,ইচ্ছাশক্তি
willing,রাজী
win,জয়
wind,বায়ু
window,জানলা
wine,মদ
wing,উইং
winner,বিজয়ী
winter,শীত
wipe,মুছা
wire,তার
wisdom,জ্ঞান
wise,বুদ্ধিমান
wish,শুভেচ্ছা
with,সঙ্গে
withdraw,প্রত্যাহার
within,মধ্যে
without,ছাড়া
witness,সাক্ষী
woman,মহিলা
wonder,আশ্চর্য
wonderful,বিস্ময়কর
wood,কাঠ
wooden,কাঠ
word,শব্দ
work,কাজ
worker,কর্মী
working,কাজ
works,কাজ
workshop,কর্মশালা
world,বিশ্ব
worried,চিন্তিত
worry,চিন্তা
worth,মূল্য
would,হবে
wound,ক্ষত
wrap,মোড়ানো
write,লিখুন
writer,লেখক
writing,লেখা
wrong,ভুল
yard,ইয়ার্ড
yeah,হ্যাঁ
year,বছর
yell,চিৎকার
yellow,হলুদ
yes,হ্যাঁ
yesterday,গতকাল
yet,এখনো
yield,ফলন
you,আপনি
young,তরুণ
your,তোমার
yours,তোমার
yourself,নিজেকে
youth,যৌবন
zone,মণ্ডল